Model,F1,Acc
DistilBERT,0.7231972633482586,0.892452092295659
SVM,0.5918229878381734,0.8517794290183809
Logistic Regression,0.5694013448574151,0.7782557684786859
